street,city,zip,state,beds,baths,sq__ft,type,sale_date,price,latitude,longitude,price_per_sqft
3526 HIGH ST,SACRAMENTO,95838,CA,2,1,836,Residential,Wed May 21 00:00:00 EDT 2008,59222,38.631913,-121.434879,70.83971291866028
51 OMAHA CT,SACRAMENTO,95823,CA,3,1,1167,Residential,Wed May 21 00:00:00 EDT 2008,68212,38.478902,-121.431028,58.450728363324764
2796 BRANCH ST,SACRAMENTO,95815,CA,2,1,796,Residential,Wed May 21 00:00:00 EDT 2008,68880,38.618305,-121.443839,86.53266331658291
2805 JANETTE WAY,SACRAMENTO,95815,CA,2,1,852,Residential,Wed May 21 00:00:00 EDT 2008,69307,38.616835,-121.439146,81.34624413145539
6001 MCMAHON DR,SACRAMENTO,95824,CA,2,1,797,Residential,Wed May 21 00:00:00 EDT 2008,81900,38.51947,-121.435768,102.7603513174404
5828 PEPPERMILL CT,SACRAMENTO,95841,CA,3,1,1122,Condo,Wed May 21 00:00:00 EDT 2008,89921,38.662595,-121.327813,80.14349376114082
6048 OGDEN NASH WAY,SACRAMENTO,95842,CA,3,2,1104,Residential,Wed May 21 00:00:00 EDT 2008,90895,38.681659,-121.351705,82.33242753623189
2561 19TH AVE,SACRAMENTO,95820,CA,3,1,1177,Residential,Wed May 21 00:00:00 EDT 2008,91002,38.535092,-121.481367,77.31690739167375
11150 TRINITY RIVER DR Unit 114,RANCHO CORDOVA,95670,CA,2,2,941,Condo,Wed May 21 00:00:00 EDT 2008,94905,38.621188,-121.270555,100.85547290116897
7325 10TH ST,RIO LINDA,95673,CA,3,2,1146,Residential,Wed May 21 00:00:00 EDT 2008,98937,38.700909,-121.442979,86.33246073298429
645 MORRISON AVE,SACRAMENTO,95838,CA,3,2,909,Residential,Wed May 21 00:00:00 EDT 2008,100309,38.637663,-121.45152,110.35093509350935
4085 FAWN CIR,SACRAMENTO,95823,CA,3,2,1289,Residential,Wed May 21 00:00:00 EDT 2008,106250,38.470746,-121.458918,82.42823894491855
2930 LA ROSA RD,SACRAMENTO,95815,CA,1,1,871,Residential,Wed May 21 00:00:00 EDT 2008,106852,38.618698,-121.435833,122.67738231917336
2113 KIRK WAY,SACRAMENTO,95822,CA,3,1,1020,Residential,Wed May 21 00:00:00 EDT 2008,107502,38.482215,-121.492603,105.39411764705882
4533 LOCH HAVEN WAY,SACRAMENTO,95842,CA,2,2,1022,Residential,Wed May 21 00:00:00 EDT 2008,108750,38.672914,-121.35934,106.40900195694717
7340 HAMDEN PL,SACRAMENTO,95842,CA,2,2,1134,Condo,Wed May 21 00:00:00 EDT 2008,110700,38.700051,-121.351278,97.61904761904762
6715 6TH ST,RIO LINDA,95673,CA,2,1,844,Residential,Wed May 21 00:00:00 EDT 2008,113263,38.689591,-121.452239,134.1978672985782
113 LEEWILL AVE,RIO LINDA,95673,CA,3,2,1356,Residential,Wed May 21 00:00:00 EDT 2008,121630,38.689999,-121.46322,89.6976401179941
6118 STONEHAND AVE,CITRUS HEIGHTS,95621,CA,3,2,1118,Residential,Wed May 21 00:00:00 EDT 2008,122000,38.707851,-121.320707,109.12343470483006
4882 BANDALIN WAY,SACRAMENTO,95823,CA,4,2,1329,Residential,Wed May 21 00:00:00 EDT 2008,122682,38.468173,-121.444071,92.31151241534988
7511 OAKVALE CT,NORTH HIGHLANDS,95660,CA,4,2,1240,Residential,Wed May 21 00:00:00 EDT 2008,123000,38.702792,-121.38221,99.19354838709677
9 PASTURE CT,SACRAMENTO,95834,CA,3,2,1601,Residential,Wed May 21 00:00:00 EDT 2008,124100,38.628631,-121.488097,77.51405371642723
3729 BAINBRIDGE DR,NORTH HIGHLANDS,95660,CA,3,2,901,Residential,Wed May 21 00:00:00 EDT 2008,125000,38.701499,-121.37622,138.73473917869035
3828 BLACKFOOT WAY,ANTELOPE,95843,CA,3,2,1088,Residential,Wed May 21 00:00:00 EDT 2008,126640,38.70974,-121.37377,116.3970588235294
4108 NORTON WAY,SACRAMENTO,95820,CA,3,1,963,Residential,Wed May 21 00:00:00 EDT 2008,127281,38.537526,-121.478315,132.17133956386292
1469 JANRICK AVE,SACRAMENTO,95832,CA,3,2,1119,Residential,Wed May 21 00:00:00 EDT 2008,129000,38.476472,-121.501711,115.28150134048258
9861 CULP WAY,SACRAMENTO,95827,CA,4,2,1380,Residential,Wed May 21 00:00:00 EDT 2008,131200,38.558423,-121.327948,95.07246376811594
7825 CREEK VALLEY CIR,SACRAMENTO,95828,CA,3,2,1248,Residential,Wed May 21 00:00:00 EDT 2008,132000,38.472122,-121.404199,105.76923076923077
5201 LAGUNA OAKS DR Unit 140,ELK GROVE,95758,CA,2,2,1039,Condo,Wed May 21 00:00:00 EDT 2008,133000,38.423251,-121.444489,128.00769971126084
6768 MEDORA DR,NORTH HIGHLANDS,95660,CA,3,2,1152,Residential,Wed May 21 00:00:00 EDT 2008,134555,38.691161,-121.37192,116.80121527777777
3100 EXPLORER DR,SACRAMENTO,95827,CA,3,2,1380,Residential,Wed May 21 00:00:00 EDT 2008,136500,38.566663,-121.332644,98.91304347826087
7944 DOMINION WAY,ELVERTA,95626,CA,3,2,1116,Residential,Wed May 21 00:00:00 EDT 2008,138750,38.713182,-121.411227,124.32795698924731
5201 LAGUNA OAKS DR Unit 162,ELK GROVE,95758,CA,2,2,1039,Condo,Wed May 21 00:00:00 EDT 2008,141000,38.423251,-121.444489,135.70741097208855
3920 SHINING STAR DR,SACRAMENTO,95823,CA,3,2,1418,Residential,Wed May 21 00:00:00 EDT 2008,146250,38.48742,-121.462459,103.13822284908322
5031 CORVAIR ST,NORTH HIGHLANDS,95660,CA,3,2,1082,Residential,Wed May 21 00:00:00 EDT 2008,147308,38.658246,-121.375469,136.1441774491682
7661 NIXOS WAY,SACRAMENTO,95823,CA,4,2,1472,Residential,Wed May 21 00:00:00 EDT 2008,148750,38.479553,-121.463317,101.05298913043478
7044 CARTHY WAY,SACRAMENTO,95828,CA,4,2,1146,Residential,Wed May 21 00:00:00 EDT 2008,149593,38.49857,-121.420925,130.5349040139616
4800 WESTLAKE PKWY Unit 2109,SACRAMENTO,95835,CA,2,2,1304,Condo,Wed May 21 00:00:00 EDT 2008,152000,38.658812,-121.542345,116.56441717791411
2178 63RD AVE,SACRAMENTO,95822,CA,3,2,1207,Residential,Wed May 21 00:00:00 EDT 2008,154000,38.493955,-121.48966,127.5890637945319
7315 KOALA CT,NORTH HIGHLANDS,95660,CA,4,2,1587,Residential,Wed May 21 00:00:00 EDT 2008,161500,38.699251,-121.371414,101.7643352236925
8421 SUNBLAZE WAY,SACRAMENTO,95823,CA,4,2,1580,Residential,Wed May 21 00:00:00 EDT 2008,165000,38.450543,-121.432538,104.43037974683544
7420 ALIX PKWY,SACRAMENTO,95823,CA,4,1,1955,Residential,Wed May 21 00:00:00 EDT 2008,166357,38.489405,-121.452811,85.09309462915601
3820 NATOMA WAY,SACRAMENTO,95838,CA,4,2,1656,Residential,Wed May 21 00:00:00 EDT 2008,166357,38.636748,-121.422159,100.45712560386474
4431 GREEN TREE DR,SACRAMENTO,95823,CA,3,2,1477,Residential,Wed May 21 00:00:00 EDT 2008,168000,38.499954,-121.454469,113.74407582938389
9417 SARA ST,ELK GROVE,95624,CA,3,2,1188,Residential,Wed May 21 00:00:00 EDT 2008,170000,38.415518,-121.370527,143.0976430976431
8299 HALBRITE WAY,SACRAMENTO,95828,CA,4,2,1590,Residential,Wed May 21 00:00:00 EDT 2008,173000,38.473814,-121.4,108.80503144654088
7223 KALLIE KAY LN,SACRAMENTO,95823,CA,3,2,1463,Residential,Wed May 21 00:00:00 EDT 2008,174250,38.477553,-121.419463,119.10457963089542
8156 STEINBECK WAY,SACRAMENTO,95828,CA,4,2,1714,Residential,Wed May 21 00:00:00 EDT 2008,174313,38.474853,-121.406326,101.69953325554259
1122 WILD POPPY CT,GALT,95632,CA,3,2,1406,Residential,Wed May 21 00:00:00 EDT 2008,178760,38.287789,-121.294715,127.14082503556187
4520 BOMARK WAY,SACRAMENTO,95842,CA,4,2,1943,Multi-Family,Wed May 21 00:00:00 EDT 2008,179580,38.665724,-121.358576,92.42408646423057
5993 SAWYER CIR,SACRAMENTO,95823,CA,4,3,1851,Residential,Wed May 21 00:00:00 EDT 2008,182587,38.4473,-121.435218,98.64235548352242
9021 MADISON AVE,ORANGEVALE,95662,CA,4,2,1603,Residential,Wed May 21 00:00:00 EDT 2008,183200,38.664186,-121.217511,114.28571428571429
404 6TH ST,GALT,95632,CA,3,1,1479,Residential,Wed May 21 00:00:00 EDT 2008,188741,38.251808,-121.302493,127.61392832995267
8317 SUNNY CREEK WAY,SACRAMENTO,95823,CA,3,2,1420,Residential,Wed May 21 00:00:00 EDT 2008,189000,38.459041,-121.424644,133.09859154929578
7005 TIANT WAY,ELK GROVE,95758,CA,3,2,1586,Residential,Wed May 21 00:00:00 EDT 2008,194000,38.422811,-121.423285,122.3203026481715
7895 CABER WAY,ANTELOPE,95843,CA,3,2,1362,Residential,Wed May 21 00:00:00 EDT 2008,194818,38.711279,-121.393449,143.03817914831131
7624 BOGEY CT,SACRAMENTO,95828,CA,4,4,2162,Multi-Family,Wed May 21 00:00:00 EDT 2008,195000,38.48009,-121.415102,90.19426456984274
8708 MESA BROOK WAY,ELK GROVE,95624,CA,4,2,1715,Residential,Wed May 21 00:00:00 EDT 2008,199500,38.44076,-121.385792,116.3265306122449
120 GRANT LN,FOLSOM,95630,CA,3,2,1820,Residential,Wed May 21 00:00:00 EDT 2008,200000,38.687742,-121.17104,109.89010989010988
170 PENHOW CIR,SACRAMENTO,95834,CA,3,2,1511,Residential,Wed May 21 00:00:00 EDT 2008,208000,38.653439,-121.535169,137.65718067504963
8345 STAR THISTLE WAY,SACRAMENTO,95823,CA,4,2,1590,Residential,Wed May 21 00:00:00 EDT 2008,212864,38.454349,-121.439239,133.87672955974844
9080 FRESCA WAY,ELK GROVE,95758,CA,4,2,1596,Residential,Wed May 21 00:00:00 EDT 2008,221000,38.427818,-121.424026,138.47117794486215
8373 BLACKMAN WAY,ELK GROVE,95624,CA,5,3,2136,Residential,Wed May 21 00:00:00 EDT 2008,223058,38.435436,-121.394536,104.42790262172285
9837 CORTE DORADO CT,ELK GROVE,95624,CA,4,2,1616,Residential,Wed May 21 00:00:00 EDT 2008,227887,38.400676,-121.38101,141.01918316831683
9186 KINBRACE CT,SACRAMENTO,95829,CA,4,3,2235,Residential,Wed May 21 00:00:00 EDT 2008,236685,38.463355,-121.358936,105.8993288590604
4243 MIDDLEBURY WAY,MATHER,95655,CA,3,2,2093,Residential,Wed May 21 00:00:00 EDT 2008,237800,38.547991,-121.280483,113.61681796464406
4804 NORIKER DR,ELK GROVE,95757,CA,3,2,2163,Residential,Wed May 21 00:00:00 EDT 2008,242638,38.400974,-121.448424,112.17660656495607
8636 TEGEA WAY,ELK GROVE,95624,CA,5,3,2508,Residential,Wed May 21 00:00:00 EDT 2008,245918,38.443832,-121.382087,98.05342902711324
4901 MILLNER WAY,ELK GROVE,95757,CA,3,2,1843,Residential,Wed May 21 00:00:00 EDT 2008,254200,38.38692,-121.447349,137.927292457949
4818 BRITTNEY LEE CT,SACRAMENTO,95841,CA,4,2,1921,Residential,Wed May 21 00:00:00 EDT 2008,254200,38.653917,-121.34218,132.3269130661114
5529 LAGUNA PARK DR,ELK GROVE,95758,CA,5,3,2790,Residential,Wed May 21 00:00:00 EDT 2008,258000,38.42568,-121.438062,92.47311827956989
7842 LAHONTAN CT,SACRAMENTO,95829,CA,4,3,2372,Residential,Wed May 21 00:00:00 EDT 2008,273750,38.472976,-121.318633,115.40893760539629
2064 EXPEDITION WAY,SACRAMENTO,95832,CA,4,3,3009,Residential,Wed May 21 00:00:00 EDT 2008,280987,38.474099,-121.490711,93.3821867730143
2912 NORCADE CIR,SACRAMENTO,95826,CA,8,4,3612,Multi-Family,Wed May 21 00:00:00 EDT 2008,282400,38.559505,-121.364839,78.18383167220377
9507 SEA CLIFF WAY,ELK GROVE,95758,CA,4,2,2056,Residential,Wed May 21 00:00:00 EDT 2008,285000,38.410992,-121.479043,138.61867704280155
8882 AUTUMN GOLD CT,ELK GROVE,95624,CA,4,2,1993,Residential,Wed May 21 00:00:00 EDT 2008,287417,38.4439,-121.37255,144.21324636226794
10158 CRAWFORD WAY,SACRAMENTO,95827,CA,4,4,2213,Multi-Family,Wed May 21 00:00:00 EDT 2008,297000,38.5703,-121.315735,134.2069588793493
7731 MASTERS ST,ELK GROVE,95758,CA,5,3,2494,Residential,Wed May 21 00:00:00 EDT 2008,297000,38.442031,-121.410873,119.08580593424219
4727 SAVOIE WAY,SACRAMENTO,95835,CA,5,3,2800,Residential,Wed May 21 00:00:00 EDT 2008,304037,38.658182,-121.549521,108.58464285714285
8664 MAGNOLIA HILL WAY,ELK GROVE,95624,CA,4,2,2309,Residential,Wed May 21 00:00:00 EDT 2008,311000,38.442352,-121.389675,134.69034213945432
9570 HARVEST ROSE WAY,SACRAMENTO,95827,CA,5,3,2367,Residential,Wed May 21 00:00:00 EDT 2008,315537,38.555993,-121.340352,133.30671736375157
4359 CREGAN CT,RANCHO CORDOVA,95742,CA,5,4,3516,Residential,Wed May 21 00:00:00 EDT 2008,320000,38.545128,-121.224922,91.01251422070534
4620 WELERA WAY,ELK GROVE,95757,CA,3,3,2725,Residential,Wed May 21 00:00:00 EDT 2008,335750,38.398609,-121.450148,123.21100917431193
9723 TERRAPIN CT,ELK GROVE,95757,CA,4,3,2354,Residential,Wed May 21 00:00:00 EDT 2008,335750,38.403492,-121.430224,142.62956669498726
6708 PONTA DO SOL WAY,ELK GROVE,95757,CA,4,2,3134,Residential,Wed May 21 00:00:00 EDT 2008,347650,38.380635,-121.425538,110.92852584556478
15300 MURIETA SOUTH PKWY,RANCHO MURIETA,95683,CA,4,3,2734,Residential,Wed May 21 00:00:00 EDT 2008,370500,38.4874,-121.075129,135.5157278712509
7105 DANBERG WAY,ELK GROVE,95757,CA,5,3,3164,Residential,Wed May 21 00:00:00 EDT 2008,375000,38.4019,-121.420388,118.52085967130215
5579 JERRY LITELL WAY,SACRAMENTO,95835,CA,5,3,3599,Residential,Wed May 21 00:00:00 EDT 2008,381300,38.677126,-121.500519,105.94609613781606
6801 RAWLEY WAY,ELK GROVE,95757,CA,4,3,3440,Residential,Wed May 21 00:00:00 EDT 2008,394470,38.408351,-121.423925,114.67151162790698
1693 SHELTER COVE DR,GREENWOOD,95635,CA,3,2,2846,Residential,Wed May 21 00:00:00 EDT 2008,395000,38.945357,-120.908822,138.7912860154603
6945 RIO TEJO WAY,ELK GROVE,95757,CA,5,3,3433,Residential,Wed May 21 00:00:00 EDT 2008,425000,38.385638,-121.422616,123.79842703175065
4186 TULIP PARK WAY,RANCHO CORDOVA,95742,CA,5,3,3615,Residential,Wed May 21 00:00:00 EDT 2008,430000,38.550617,-121.23526,118.94882434301522
7004 RAWLEY WAY,ELK GROVE,95757,CA,4,3,3440,Residential,Wed May 21 00:00:00 EDT 2008,489332,38.406421,-121.422081,142.24767441860465
6503 RIO DE ONAR WAY,ELK GROVE,95757,CA,5,4,3508,Residential,Wed May 21 00:00:00 EDT 2008,510000,38.38253,-121.428038,145.38198403648803
6272 LONGFORD DR Unit 1,CITRUS HEIGHTS,95621,CA,2,1,795,Condo,Tue May 20 00:00:00 EDT 2008,69000,38.680923,-121.313945,86.79245283018868
3432 Y ST,SACRAMENTO,95817,CA,4,2,1099,Residential,Tue May 20 00:00:00 EDT 2008,70000,38.554967,-121.468046,63.69426751592356
9512 EMERALD PARK DR Unit 3,ELK GROVE,95624,CA,2,1,840,Condo,Tue May 20 00:00:00 EDT 2008,71000,38.40573,-121.369832,84.52380952380952
3132 CLAY ST,SACRAMENTO,95815,CA,2,1,800,Residential,Tue May 20 00:00:00 EDT 2008,78000,38.624678,-121.439203,97.5
5221 38TH AVE,SACRAMENTO,95824,CA,2,1,746,Residential,Tue May 20 00:00:00 EDT 2008,78400,38.518044,-121.443555,105.09383378016086
6112 HERMOSA ST,SACRAMENTO,95822,CA,3,1,1067,Residential,Tue May 20 00:00:00 EDT 2008,80000,38.515125,-121.480416,74.97656982193065
483 ARCADE BLVD,SACRAMENTO,95815,CA,4,2,1316,Residential,Tue May 20 00:00:00 EDT 2008,89000,38.623571,-121.454884,67.62917933130699
671 SONOMA AVE,SACRAMENTO,95815,CA,3,1,1337,Residential,Tue May 20 00:00:00 EDT 2008,90000,38.622953,-121.450142,67.31488406881077
5980 79TH ST,SACRAMENTO,95824,CA,2,1,868,Residential,Tue May 20 00:00:00 EDT 2008,90000,38.518373,-121.411779,103.68663594470046
7607 ELDER CREEK RD,SACRAMENTO,95824,CA,3,1,924,Residential,Tue May 20 00:00:00 EDT 2008,92000,38.51055,-121.414768,99.56709956709956
1069 ACACIA AVE,SACRAMENTO,95815,CA,2,1,1220,Residential,Tue May 20 00:00:00 EDT 2008,98000,38.621998,-121.442238,80.32786885245902
5201 LAGUNA OAKS DR Unit 199,ELK GROVE,95758,CA,1,1,722,Condo,Tue May 20 00:00:00 EDT 2008,98000,38.423251,-121.444489,135.73407202216066
3847 LAS PASAS WAY,SACRAMENTO,95864,CA,3,1,1643,Residential,Tue May 20 00:00:00 EDT 2008,99000,38.588672,-121.373916,60.255629945222154
5201 LAGUNA OAKS DR Unit 172,ELK GROVE,95758,CA,1,1,722,Condo,Tue May 20 00:00:00 EDT 2008,100000,38.423251,-121.444489,138.50415512465375
1121 CREEKSIDE WAY,GALT,95632,CA,3,1,1080,Residential,Tue May 20 00:00:00 EDT 2008,106716,38.241514,-121.312199,98.81111111111112
5307 CABRILLO WAY,SACRAMENTO,95820,CA,3,1,1039,Residential,Tue May 20 00:00:00 EDT 2008,111000,38.52712,-121.435348,106.8334937439846
3725 DON JULIO BLVD,NORTH HIGHLANDS,95660,CA,3,1,1051,Residential,Tue May 20 00:00:00 EDT 2008,111000,38.67895,-121.379406,105.61370123691722
4803 MCCLOUD DR,SACRAMENTO,95842,CA,2,2,967,Residential,Tue May 20 00:00:00 EDT 2008,114800,38.682279,-121.352817,118.717683557394
10542 SILVERWOOD WAY,RANCHO CORDOVA,95670,CA,3,1,1098,Residential,Tue May 20 00:00:00 EDT 2008,120108,38.587156,-121.295778,109.3879781420765
6318 39TH AVE,SACRAMENTO,95824,CA,3,1,1050,Residential,Tue May 20 00:00:00 EDT 2008,123225,38.518942,-121.430158,117.35714285714286
211 MCDANIEL CIR,SACRAMENTO,95838,CA,3,2,1110,Residential,Tue May 20 00:00:00 EDT 2008,123750,38.636565,-121.460383,111.48648648648648
3800 LYNHURST WAY,NORTH HIGHLANDS,95660,CA,3,1,888,Residential,Tue May 20 00:00:00 EDT 2008,125000,38.650445,-121.374861,140.76576576576576
6139 HERMOSA ST,SACRAMENTO,95822,CA,3,2,1120,Residential,Tue May 20 00:00:00 EDT 2008,125000,38.514665,-121.480411,111.60714285714286
2505 RHINE WAY,ELVERTA,95626,CA,3,2,1080,Residential,Tue May 20 00:00:00 EDT 2008,126000,38.717976,-121.407684,116.66666666666667
3692 PAYNE WAY,NORTH HIGHLANDS,95660,CA,3,1,957,Residential,Tue May 20 00:00:00 EDT 2008,129000,38.66654,-121.378298,134.79623824451411
604 MORRISON AVE,SACRAMENTO,95838,CA,2,1,952,Residential,Tue May 20 00:00:00 EDT 2008,134000,38.637678,-121.452476,140.7563025210084
648 SANTA ANA AVE,SACRAMENTO,95838,CA,3,2,1211,Residential,Tue May 20 00:00:00 EDT 2008,135000,38.658478,-121.450409,111.47811725846408
14 ASHLEY OAKS CT,SACRAMENTO,95815,CA,3,2,1264,Residential,Tue May 20 00:00:00 EDT 2008,135500,38.61779,-121.436765,107.1993670886076
3174 NORTHVIEW DR,SACRAMENTO,95833,CA,3,1,1080,Residential,Tue May 20 00:00:00 EDT 2008,140000,38.623817,-121.477827,129.62962962962962
840 TRANQUIL LN,GALT,95632,CA,3,2,1266,Residential,Tue May 20 00:00:00 EDT 2008,140000,38.270617,-121.299205,110.58451816745655
5333 PRIMROSE DR Unit 19A,FAIR OAKS,95628,CA,2,2,994,Condo,Tue May 20 00:00:00 EDT 2008,142500,38.662785,-121.276272,143.36016096579476
1035 MILLET WAY,SACRAMENTO,95834,CA,3,2,1202,Residential,Tue May 20 00:00:00 EDT 2008,143500,38.631056,-121.48508,119.38435940099833
8001 HARTWICK WAY,SACRAMENTO,95828,CA,4,2,1448,Residential,Tue May 20 00:00:00 EDT 2008,145000,38.488623,-121.410582,100.13812154696133
7812 HARTWICK WAY,SACRAMENTO,95828,CA,3,2,1188,Residential,Tue May 20 00:00:00 EDT 2008,145000,38.488611,-121.412808,122.05387205387206
4207 PAINTER WAY,NORTH HIGHLANDS,95660,CA,4,2,1183,Residential,Tue May 20 00:00:00 EDT 2008,146000,38.692915,-121.367497,123.41504649196956
7458 WINKLEY WAY,SACRAMENTO,95822,CA,3,1,1320,Residential,Tue May 20 00:00:00 EDT 2008,148500,38.487444,-121.491366,112.5
8354 SUNRISE WOODS WAY,SACRAMENTO,95828,CA,3,2,1117,Residential,Tue May 20 00:00:00 EDT 2008,149000,38.473288,-121.3963,133.3930170098478
8116 COTTONMILL CIR,SACRAMENTO,95828,CA,3,2,1364,Residential,Tue May 20 00:00:00 EDT 2008,150000,38.482876,-121.405912,109.97067448680352
4660 CEDARWOOD WAY,SACRAMENTO,95823,CA,4,2,1310,Residential,Tue May 20 00:00:00 EDT 2008,150000,38.484834,-121.449316,114.50381679389314
6716 TAREYTON WAY,CITRUS HEIGHTS,95621,CA,3,2,1104,Residential,Tue May 20 00:00:00 EDT 2008,156000,38.693724,-121.307169,141.30434782608697
9346 AIZENBERG CIR,ELK GROVE,95624,CA,2,2,1123,Residential,Tue May 20 00:00:00 EDT 2008,156000,38.41875,-121.370019,138.91362422083705
7140 BLUE SPRINGS WAY,CITRUS HEIGHTS,95621,CA,3,2,1156,Residential,Tue May 20 00:00:00 EDT 2008,161653,38.720653,-121.302241,139.83823529411765
4631 11TH AVE,SACRAMENTO,95820,CA,2,1,1321,Residential,Tue May 20 00:00:00 EDT 2008,161829,38.541965,-121.452132,122.50492051476155
3228 BAGGAN CT,ANTELOPE,95843,CA,3,2,1392,Residential,Tue May 20 00:00:00 EDT 2008,165000,38.715346,-121.388163,118.53448275862068
8515 DARTFORD DR,SACRAMENTO,95823,CA,3,2,1439,Residential,Tue May 20 00:00:00 EDT 2008,168000,38.448288,-121.420719,116.74774148714386
2460 EL ROCCO WAY,RANCHO CORDOVA,95670,CA,3,2,1671,Residential,Tue May 20 00:00:00 EDT 2008,175000,38.591477,-121.31534,104.7277079593058
8244 SUNBIRD WAY,SACRAMENTO,95823,CA,3,2,1740,Residential,Tue May 20 00:00:00 EDT 2008,176250,38.457654,-121.431381,101.29310344827586
5841 VALLEY VALE WAY,SACRAMENTO,95823,CA,3,2,1265,Residential,Tue May 20 00:00:00 EDT 2008,179000,38.461283,-121.434322,141.50197628458497
7129 SPRINGMONT DR,ELK GROVE,95758,CA,3,2,1716,Residential,Tue May 20 00:00:00 EDT 2008,180400,38.417649,-121.420294,105.12820512820512
8284 RED FOX WAY,ELK GROVE,95758,CA,4,2,1685,Residential,Tue May 20 00:00:00 EDT 2008,182000,38.417182,-121.397231,108.01186943620178
2219 EL CANTO CIR,RANCHO CORDOVA,95670,CA,4,2,1829,Residential,Tue May 20 00:00:00 EDT 2008,184500,38.592383,-121.318669,100.87479496992893
8907 GEMWOOD WAY,ELK GROVE,95758,CA,3,2,1555,Residential,Tue May 20 00:00:00 EDT 2008,185000,38.435471,-121.441173,118.97106109324758
4437 MITCHUM CT,ANTELOPE,95843,CA,3,2,1393,Residential,Tue May 20 00:00:00 EDT 2008,200000,38.704407,-121.36113,143.57501794687724
4899 WIND CREEK DR,SACRAMENTO,95838,CA,4,2,1799,Residential,Tue May 20 00:00:00 EDT 2008,205000,38.655887,-121.446119,113.95219566425791
6049 HAMBURG WAY,SACRAMENTO,95823,CA,4,3,1953,Residential,Tue May 20 00:00:00 EDT 2008,205000,38.443253,-121.431992,104.96671786994368
5805 HIMALAYA WAY,CITRUS HEIGHTS,95621,CA,4,2,1578,Residential,Tue May 20 00:00:00 EDT 2008,215000,38.696489,-121.328555,136.24841571609633
3025 EL PRADO WAY,SACRAMENTO,95825,CA,4,2,1751,Residential,Tue May 20 00:00:00 EDT 2008,225000,38.606603,-121.394147,128.49800114220446
9257 CALDERA WAY,SACRAMENTO,95826,CA,4,2,1605,Residential,Tue May 20 00:00:00 EDT 2008,228000,38.55821,-121.355022,142.05607476635515
5340 BIRK WAY,SACRAMENTO,95835,CA,3,2,1776,Residential,Tue May 20 00:00:00 EDT 2008,234000,38.672495,-121.515251,131.75675675675674
51 ANJOU CIR,SACRAMENTO,95835,CA,3,2,2187,Residential,Tue May 20 00:00:00 EDT 2008,235000,38.661658,-121.540633,107.45313214449017
8219 GWINHURST CIR,SACRAMENTO,95828,CA,4,3,2491,Residential,Tue May 20 00:00:00 EDT 2008,245000,38.459711,-121.384283,98.35407466880771
6344 BONHAM CIR,CITRUS HEIGHTS,95610,CA,5,4,2085,Multi-Family,Tue May 20 00:00:00 EDT 2008,256054,38.682358,-121.272876,122.80767386091127
8207 YORKTON WAY,SACRAMENTO,95829,CA,3,2,2170,Residential,Tue May 20 00:00:00 EDT 2008,257729,38.45967,-121.360461,118.76912442396313
5342 CALABRIA WAY,SACRAMENTO,95835,CA,4,3,2030,Residential,Tue May 20 00:00:00 EDT 2008,270000,38.671807,-121.498274,133.00492610837438
9455 SEA CLIFF WAY,ELK GROVE,95758,CA,4,2,2056,Residential,Tue May 20 00:00:00 EDT 2008,275000,38.411522,-121.481406,133.75486381322958
9720 LITTLE HARBOR WAY,ELK GROVE,95624,CA,4,3,2494,Residential,Tue May 20 00:00:00 EDT 2008,280000,38.404934,-121.352405,112.26944667201283
3578 LOGGERHEAD WAY,SACRAMENTO,95834,CA,4,2,2169,Residential,Tue May 20 00:00:00 EDT 2008,292000,38.633028,-121.526755,134.62425080682343
993 MANTON CT,GALT,95632,CA,4,3,2307,Residential,Tue May 20 00:00:00 EDT 2008,300000,38.272942,-121.289148,130.03901170351105
8 RIVER RAFT CT,SACRAMENTO,95823,CA,4,2,2205,Residential,Tue May 20 00:00:00 EDT 2008,319789,38.447353,-121.434969,145.02902494331065
5405 NECTAR CIR,ELK GROVE,95757,CA,3,2,2575,Residential,Tue May 20 00:00:00 EDT 2008,331000,38.387014,-121.440967,128.54368932038835
9688 NATURE TRAIL WAY,ELK GROVE,95757,CA,5,3,3389,Residential,Tue May 20 00:00:00 EDT 2008,370000,38.405224,-121.479275,109.17674830333432
9629 CEDAR OAK WAY,ELK GROVE,95757,CA,5,4,3260,Residential,Tue May 20 00:00:00 EDT 2008,385000,38.405527,-121.431746,118.09815950920246
1092 MAUGHAM CT,GALT,95632,CA,5,4,3746,Residential,Tue May 20 00:00:00 EDT 2008,420000,38.271646,-121.286848,112.11959423384944
6306 CONEJO,RANCHO MURIETA,95683,CA,4,2,3192,Residential,Tue May 20 00:00:00 EDT 2008,425000,38.512602,-121.087233,133.1453634085213
9760 LAZULITE CT,ELK GROVE,95624,CA,4,3,3992,Residential,Tue May 20 00:00:00 EDT 2008,460000,38.403609,-121.335541,115.23046092184369
241 LANFRANCO CIR,SACRAMENTO,95835,CA,4,4,3397,Residential,Tue May 20 00:00:00 EDT 2008,465000,38.665696,-121.549437,136.88548719458345
5559 NORTHBOROUGH DR,SACRAMENTO,95835,CA,5,3,3881,Residential,Tue May 20 00:00:00 EDT 2008,471750,38.677225,-121.519687,121.55372326719917
7756 TIGERWOODS DR,SACRAMENTO,95829,CA,5,3,3984,Residential,Tue May 20 00:00:00 EDT 2008,572500,38.47643,-121.309243,143.69979919678715
5840 WALERGA RD,SACRAMENTO,95842,CA,2,1,840,Condo,Mon May 19 00:00:00 EDT 2008,40000,38.673678,-121.357471,47.61904761904762
923 FULTON AVE,SACRAMENTO,95825,CA,1,1,484,Condo,Mon May 19 00:00:00 EDT 2008,48000,38.582279,-121.401482,99.17355371900827
261 REDONDO AVE,SACRAMENTO,95815,CA,3,1,970,Residential,Mon May 19 00:00:00 EDT 2008,61500,38.620685,-121.460539,63.402061855670105
4030 BROADWAY,SACRAMENTO,95817,CA,2,1,623,Residential,Mon May 19 00:00:00 EDT 2008,62050,38.546798,-121.460038,99.59871589085073
3660 22ND AVE,SACRAMENTO,95820,CA,2,1,932,Residential,Mon May 19 00:00:00 EDT 2008,65000,38.532718,-121.46747,69.74248927038627
3924 HIGH ST,SACRAMENTO,95838,CA,2,1,796,Residential,Mon May 19 00:00:00 EDT 2008,65000,38.638797,-121.435049,81.65829145728644
4734 14TH AVE,SACRAMENTO,95820,CA,2,1,834,Residential,Mon May 19 00:00:00 EDT 2008,68000,38.539447,-121.450858,81.5347721822542
4734 14TH AVE,SACRAMENTO,95820,CA,2,1,834,Residential,Mon May 19 00:00:00 EDT 2008,68000,38.539447,-121.450858,81.5347721822542
5050 RHODE ISLAND DR Unit 4,SACRAMENTO,95841,CA,2,1,924,Condo,Mon May 19 00:00:00 EDT 2008,77000,38.658739,-121.333561,83.33333333333333
4513 GREENHOLME DR,SACRAMENTO,95842,CA,2,1,795,Condo,Mon May 19 00:00:00 EDT 2008,82732,38.669104,-121.359008,104.06540880503145
3845 ELM ST,SACRAMENTO,95838,CA,3,1,1250,Residential,Mon May 19 00:00:00 EDT 2008,84000,38.637337,-121.432835,67.2
3908 17TH AVE,SACRAMENTO,95820,CA,2,1,984,Residential,Mon May 19 00:00:00 EDT 2008,84675,38.53728,-121.463531,86.05182926829268
7109 CHANDLER DR,SACRAMENTO,95828,CA,3,1,1013,Residential,Mon May 19 00:00:00 EDT 2008,85000,38.497237,-121.424187,83.90918065153011
7541 SKELTON WAY,SACRAMENTO,95822,CA,3,1,1012,Residential,Mon May 19 00:00:00 EDT 2008,90000,38.484274,-121.488851,88.93280632411067
9058 MONTOYA ST,SACRAMENTO,95826,CA,2,1,795,Condo,Mon May 19 00:00:00 EDT 2008,90000,38.559144,-121.368387,113.20754716981132
1016 CONGRESS AVE,SACRAMENTO,95838,CA,2,2,918,Residential,Mon May 19 00:00:00 EDT 2008,91000,38.630151,-121.442789,99.12854030501089
540 MORRISON AVE,SACRAMENTO,95838,CA,3,1,1082,Residential,Mon May 19 00:00:00 EDT 2008,95000,38.637704,-121.453946,87.8003696857671
5303 JERRETT WAY,SACRAMENTO,95842,CA,2,1,964,Residential,Mon May 19 00:00:00 EDT 2008,97500,38.663282,-121.359631,101.14107883817428
2820 DEL PASO BLVD,SACRAMENTO,95815,CA,4,2,1404,Multi-Family,Mon May 19 00:00:00 EDT 2008,100000,38.617718,-121.440089,71.22507122507122
6013 ROWAN WAY,CITRUS HEIGHTS,95621,CA,2,1,888,Residential,Mon May 19 00:00:00 EDT 2008,101000,38.675893,-121.2963,113.73873873873873
2987 PONDEROSA LN,SACRAMENTO,95815,CA,4,2,1120,Residential,Mon May 19 00:00:00 EDT 2008,102750,38.622243,-121.457863,91.74107142857143
3732 LANKERSHIM WAY,NORTH HIGHLANDS,95660,CA,3,1,1331,Residential,Mon May 19 00:00:00 EDT 2008,112500,38.68972,-121.378399,84.5229151014275
2216 DUNLAP DR,SACRAMENTO,95821,CA,3,1,1014,Residential,Mon May 19 00:00:00 EDT 2008,113000,38.623738,-121.41305,111.43984220907298
3503 21ST AVE,SACRAMENTO,95820,CA,4,2,1448,Residential,Mon May 19 00:00:00 EDT 2008,114000,38.53361,-121.469308,78.7292817679558
523 EXCHANGE ST,SACRAMENTO,95838,CA,3,1,966,Residential,Mon May 19 00:00:00 EDT 2008,114000,38.659414,-121.45408,118.01242236024845
8020 WALERGA RD,ANTELOPE,95843,CA,2,2,836,Condo,Mon May 19 00:00:00 EDT 2008,115000,38.71607,-121.364468,137.55980861244018
167 VALLEY OAK DR,ROSEVILLE,95678,CA,2,2,1100,Condo,Mon May 19 00:00:00 EDT 2008,115000,38.732429,-121.288069,104.54545454545455
7876 BURLINGTON WAY,SACRAMENTO,95832,CA,3,1,1174,Residential,Mon May 19 00:00:00 EDT 2008,116100,38.470093,-121.468347,98.89267461669506
3726 JONKO AVE,NORTH HIGHLANDS,95660,CA,3,2,1207,Residential,Mon May 19 00:00:00 EDT 2008,119250,38.656131,-121.377265,98.7986743993372
7342 GIGI PL,SACRAMENTO,95828,CA,4,4,1995,Multi-Family,Mon May 19 00:00:00 EDT 2008,120000,38.490704,-121.410176,60.150375939849624
4200 COMMERCE WAY Unit 711,SACRAMENTO,95834,CA,2,2,958,Condo,Mon May 19 00:00:00 EDT 2008,120000,38.647523,-121.523217,125.26096033402922
4621 COUNTRY SCENE WAY,SACRAMENTO,95823,CA,3,2,1366,Residential,Mon May 19 00:00:00 EDT 2008,120108,38.470187,-121.448149,87.9267935578331
5380 VILLAGE WOOD DR,SACRAMENTO,95823,CA,2,2,901,Residential,Mon May 19 00:00:00 EDT 2008,121500,38.454949,-121.440578,134.850166481687
201 CARLO CT,GALT,95632,CA,3,2,1080,Residential,Mon May 19 00:00:00 EDT 2008,122000,38.24227,-121.31032,112.96296296296296
6743 21ST ST,SACRAMENTO,95822,CA,3,2,1104,Residential,Mon May 19 00:00:00 EDT 2008,123000,38.50372,-121.490657,111.41304347826087
3128 VIA GRANDE,SACRAMENTO,95825,CA,2,1,972,Residential,Mon May 19 00:00:00 EDT 2008,125000,38.598321,-121.39161,128.6008230452675
2847 BELGRADE WAY,SACRAMENTO,95833,CA,4,2,1390,Residential,Mon May 19 00:00:00 EDT 2008,125573,38.617173,-121.482541,90.34028776978417
7741 MILLDALE CIR,ELVERTA,95626,CA,4,2,1354,Residential,Mon May 19 00:00:00 EDT 2008,126714,38.705834,-121.43919,93.58493353028065
7349 FLETCHER FARM DR,SACRAMENTO,95828,CA,4,2,1587,Residential,Mon May 19 00:00:00 EDT 2008,127500,38.49069,-121.382619,80.34026465028356
7226 LARCHMONT DR,NORTH HIGHLANDS,95660,CA,3,2,1209,Residential,Mon May 19 00:00:00 EDT 2008,130000,38.699269,-121.376334,107.52688172043011
4114 35TH AVE,SACRAMENTO,95824,CA,2,1,1139,Residential,Mon May 19 00:00:00 EDT 2008,133105,38.520941,-121.459355,116.8612818261633
617 M ST,RIO LINDA,95673,CA,2,2,1690,Residential,Mon May 19 00:00:00 EDT 2008,136500,38.691104,-121.451832,80.76923076923077
7032 FAIR OAKS BLVD,CARMICHAEL,95608,CA,3,2,1245,Condo,Mon May 19 00:00:00 EDT 2008,139500,38.628563,-121.328297,112.04819277108433
2421 SANTINA WAY,ELVERTA,95626,CA,3,2,1416,Residential,Mon May 19 00:00:00 EDT 2008,140000,38.71865,-121.407763,98.87005649717514
2368 CRAIG AVE,SACRAMENTO,95832,CA,3,2,1300,Residential,Mon May 19 00:00:00 EDT 2008,140800,38.47807,-121.48114,108.3076923076923
2123 AMANDA WAY,SACRAMENTO,95822,CA,3,2,1120,Residential,Mon May 19 00:00:00 EDT 2008,145000,38.484896,-121.486948,129.46428571428572
7620 DARLA WAY,SACRAMENTO,95828,CA,4,2,1590,Residential,Mon May 19 00:00:00 EDT 2008,147000,38.478502,-121.403517,92.45283018867924
8344 FIELDPOPPY CIR,SACRAMENTO,95828,CA,3,2,1407,Residential,Mon May 19 00:00:00 EDT 2008,149600,38.479083,-121.400702,106.32551528073917
3624 20TH AVE,SACRAMENTO,95820,CA,5,2,1516,Residential,Mon May 19 00:00:00 EDT 2008,150000,38.534508,-121.467907,98.94459102902374
2848 PROVO WAY,SACRAMENTO,95822,CA,3,2,1646,Residential,Mon May 19 00:00:00 EDT 2008,150000,38.489759,-121.474754,91.13001215066829
6045 EHRHARDT AVE,SACRAMENTO,95823,CA,3,2,1676,Residential,Mon May 19 00:00:00 EDT 2008,155000,38.457157,-121.433065,92.48210023866348
1223 LAMBERTON CIR,SACRAMENTO,95838,CA,3,2,1370,Residential,Mon May 19 00:00:00 EDT 2008,155435,38.646677,-121.437573,113.45620437956204
1223 LAMBERTON CIR,SACRAMENTO,95838,CA,3,2,1370,Residential,Mon May 19 00:00:00 EDT 2008,155500,38.646677,-121.437573,113.5036496350365
6000 BIRCHGLADE WAY,CITRUS HEIGHTS,95621,CA,4,2,1351,Residential,Mon May 19 00:00:00 EDT 2008,158000,38.70166,-121.323249,116.95040710584752
7204 THOMAS DR,NORTH HIGHLANDS,95660,CA,3,2,1152,Residential,Mon May 19 00:00:00 EDT 2008,158000,38.697898,-121.377687,137.15277777777777
8363 LANGTREE WAY,SACRAMENTO,95823,CA,3,2,1452,Residential,Mon May 19 00:00:00 EDT 2008,160000,38.45356,-121.435959,110.19283746556474
6632 IBEX WOODS CT,CITRUS HEIGHTS,95621,CA,2,2,1162,Residential,Mon May 19 00:00:00 EDT 2008,164000,38.720868,-121.309855,141.13597246127367
117 EVCAR WAY,RIO LINDA,95673,CA,3,2,1182,Residential,Mon May 19 00:00:00 EDT 2008,164000,38.687659,-121.4633,138.74788494077833
8306 CURLEW CT,CITRUS HEIGHTS,95621,CA,4,2,1280,Residential,Mon May 19 00:00:00 EDT 2008,167293,38.715781,-121.298519,130.69765625
8306 CURLEW CT,CITRUS HEIGHTS,95621,CA,4,2,1280,Residential,Mon May 19 00:00:00 EDT 2008,167293,38.715781,-121.298519,130.69765625
2956 DAVENPORT WAY,SACRAMENTO,95833,CA,4,2,1917,Residential,Mon May 19 00:00:00 EDT 2008,170000,38.620687,-121.482619,88.68022952529995
10062 LINCOLN VILLAGE DR,SACRAMENTO,95827,CA,3,2,1520,Residential,Mon May 19 00:00:00 EDT 2008,170000,38.564,-121.320023,111.84210526315789
332 PALIN AVE,GALT,95632,CA,3,2,1204,Residential,Mon May 19 00:00:00 EDT 2008,174000,38.260467,-121.302636,144.51827242524917
8593 DERLIN WAY,SACRAMENTO,95823,CA,3,2,1436,Residential,Mon May 19 00:00:00 EDT 2008,180000,38.447585,-121.426627,125.34818941504179
9273 PREMIER WAY,SACRAMENTO,95826,CA,3,2,1451,Residential,Mon May 19 00:00:00 EDT 2008,180000,38.55992,-121.352539,124.05237767057201
8032 DUSENBERG CT,SACRAMENTO,95828,CA,4,2,1638,Residential,Mon May 19 00:00:00 EDT 2008,180000,38.466499,-121.381119,109.89010989010988
212 CAPPUCINO WAY,SACRAMENTO,95838,CA,3,2,1353,Residential,Mon May 19 00:00:00 EDT 2008,192000,38.657811,-121.465327,141.9068736141907
5938 WOODBRIAR WAY,CITRUS HEIGHTS,95621,CA,3,2,1329,Residential,Mon May 19 00:00:00 EDT 2008,192700,38.706152,-121.325399,144.99623777276148
3801 WILDROSE WAY,SACRAMENTO,95826,CA,3,1,1356,Residential,Mon May 19 00:00:00 EDT 2008,195000,38.544368,-121.369979,143.8053097345133
508 SAMUEL WAY,SACRAMENTO,95838,CA,3,2,1505,Residential,Mon May 19 00:00:00 EDT 2008,197654,38.645689,-121.452766,131.33156146179402
6671 FOXWOOD CT,SACRAMENTO,95841,CA,4,2,1766,Residential,Mon May 19 00:00:00 EDT 2008,207000,38.687943,-121.328883,117.2140430351076
8165 AYN RAND CT,SACRAMENTO,95828,CA,4,3,1940,Residential,Mon May 19 00:00:00 EDT 2008,208000,38.468639,-121.403265,107.21649484536083
9474 VILLAGE TREE DR,ELK GROVE,95758,CA,4,2,1776,Residential,Mon May 19 00:00:00 EDT 2008,210000,38.413947,-121.408276,118.24324324324324
8167 DERBY PARK CT,SACRAMENTO,95828,CA,4,2,1872,Residential,Mon May 19 00:00:00 EDT 2008,213675,38.460492,-121.373379,114.1426282051282
2945 RED HAWK WAY,SACRAMENTO,95833,CA,4,2,1856,Residential,Mon May 19 00:00:00 EDT 2008,215000,38.619675,-121.496903,115.84051724137932
3228 I ST,SACRAMENTO,95816,CA,4,3,1939,Residential,Mon May 19 00:00:00 EDT 2008,215000,38.573844,-121.462839,110.881897885508
624 HOVEY WAY,ROSEVILLE,95678,CA,3,2,1758,Residential,Mon May 19 00:00:00 EDT 2008,217500,38.756149,-121.306479,123.72013651877133
110 COPPER LEAF WAY,SACRAMENTO,95838,CA,3,2,2142,Residential,Mon May 19 00:00:00 EDT 2008,218000,38.658466,-121.460661,101.77404295051353
7423 WILSALL CT,ELK GROVE,95758,CA,4,3,1739,Residential,Mon May 19 00:00:00 EDT 2008,221000,38.417026,-121.416821,127.08453133985049
913 COBDEN CT,GALT,95632,CA,4,2,1555,Residential,Mon May 19 00:00:00 EDT 2008,225500,38.282001,-121.295902,145.01607717041801
3012 SPOONWOOD WAY,SACRAMENTO,95833,CA,4,2,1871,Residential,Mon May 19 00:00:00 EDT 2008,230000,38.62478,-121.523474,122.92891501870658
4508 OLD DAIRY DR,ANTELOPE,95843,CA,4,3,2026,Residential,Mon May 19 00:00:00 EDT 2008,231200,38.72286,-121.358939,114.11648568608095
8101 LEMON COVE CT,SACRAMENTO,95828,CA,4,3,1936,Residential,Mon May 19 00:00:00 EDT 2008,235000,38.462981,-121.408288,121.38429752066116
10949 SCOTSMAN WAY,RANCHO CORDOVA,95670,CA,5,4,2382,Multi-Family,Mon May 19 00:00:00 EDT 2008,236000,38.603686,-121.277844,99.07640638119227
3301 PARK DR Unit 1914,SACRAMENTO,95835,CA,3,2,1678,Condo,Mon May 19 00:00:00 EDT 2008,238000,38.665296,-121.531993,141.83551847437425
709 CIMMARON CT,GALT,95632,CA,4,2,1798,Residential,Mon May 19 00:00:00 EDT 2008,238861,38.277177,-121.303747,132.84816462736373
3305 RIO ROCA CT,ANTELOPE,95843,CA,4,3,2652,Residential,Mon May 19 00:00:00 EDT 2008,239700,38.725079,-121.387698,90.38461538461539
9080 BEDROCK CT,SACRAMENTO,95829,CA,4,2,1816,Residential,Mon May 19 00:00:00 EDT 2008,240000,38.456939,-121.362965,132.15859030837004
100 TOURMALINE CIR,SACRAMENTO,95834,CA,5,3,3076,Residential,Mon May 19 00:00:00 EDT 2008,240000,38.63437,-121.510779,78.02340702210664
6411 RED BIRCH WAY,ELK GROVE,95758,CA,4,2,1844,Residential,Mon May 19 00:00:00 EDT 2008,241000,38.43461,-121.429316,130.6941431670282
3662 RIVER DR,SACRAMENTO,95833,CA,4,3,2447,Residential,Mon May 19 00:00:00 EDT 2008,246000,38.604969,-121.54255,100.53126277073969
5308 MARBURY WAY,ANTELOPE,95843,CA,3,2,1830,Residential,Mon May 19 00:00:00 EDT 2008,254172,38.710221,-121.341707,138.8918032786885
361 MAHONIA CIR,SACRAMENTO,95835,CA,4,3,2175,Residential,Mon May 19 00:00:00 EDT 2008,261000,38.676172,-121.509761,120.0
3427 LA CADENA WAY,SACRAMENTO,95835,CA,4,2,1904,Residential,Mon May 19 00:00:00 EDT 2008,261000,38.681194,-121.537351,137.07983193277312
955 BIG SUR CT,EL DORADO HILLS,95762,CA,4,2,1808,Residential,Mon May 19 00:00:00 EDT 2008,262500,38.664347,-121.076529,145.18805309734512
11826 DIONYSUS WAY,RANCHO CORDOVA,95742,CA,4,2,2711,Residential,Mon May 19 00:00:00 EDT 2008,266000,38.551046,-121.239411,98.11877535964588
10372 VIA CINTA CT,ELK GROVE,95757,CA,4,3,2724,Residential,Mon May 19 00:00:00 EDT 2008,274425,38.380089,-121.428186,100.74339207048457
2242 ABLE WAY,SACRAMENTO,95835,CA,4,3,2550,Residential,Mon May 19 00:00:00 EDT 2008,277980,38.666074,-121.509743,109.01176470588236
1042 STARBROOK DR,GALT,95632,CA,4,2,1928,Residential,Mon May 19 00:00:00 EDT 2008,280000,38.285611,-121.293063,145.22821576763485
26 JEANROSS CT,SACRAMENTO,95832,CA,5,3,2992,Residential,Mon May 19 00:00:00 EDT 2008,295000,38.473162,-121.491085,98.59625668449198
4800 MAPLEPLAIN AVE,ELK GROVE,95758,CA,4,2,2109,Residential,Mon May 19 00:00:00 EDT 2008,296000,38.432848,-121.449237,140.35087719298247
251 CHANGO CIR,SACRAMENTO,95835,CA,4,2,2218,Residential,Mon May 19 00:00:00 EDT 2008,311328,38.68237,-121.539147,140.3642921550947
5912 DEEPDALE WAY,ELK GROVE,95758,CA,5,3,3468,Residential,Mon May 19 00:00:00 EDT 2008,320000,38.439565,-121.436606,92.2722029988466
4712 PISMO BEACH DR,ANTELOPE,95843,CA,5,3,2346,Residential,Mon May 19 00:00:00 EDT 2008,320000,38.707705,-121.354153,136.40238704177324
4741 PACIFIC PARK DR,ANTELOPE,95843,CA,5,3,2347,Residential,Mon May 19 00:00:00 EDT 2008,325000,38.709299,-121.353056,138.47464848743076
6121 WILD FOX CT,ELK GROVE,95757,CA,3,3,2442,Residential,Mon May 19 00:00:00 EDT 2008,331000,38.406758,-121.431669,135.54463554463555
6232 GUS WAY,ELK GROVE,95757,CA,4,2,2789,Residential,Mon May 19 00:00:00 EDT 2008,351000,38.388129,-121.43117,125.85155969881679
11817 OPAL RIDGE WAY,RANCHO CORDOVA,95742,CA,5,3,3281,Residential,Mon May 19 00:00:00 EDT 2008,395100,38.551083,-121.237476,120.42060347455045
5201 BLOSSOM RANCH DR,ELK GROVE,95757,CA,4,4,4303,Residential,Mon May 19 00:00:00 EDT 2008,450000,38.399436,-121.444041,104.57820125493842
3027 PALMATE WAY,SACRAMENTO,95834,CA,5,3,4246,Residential,Mon May 19 00:00:00 EDT 2008,452000,38.628955,-121.529269,106.4531323598681
8208 WOODYARD WAY,CITRUS HEIGHTS,95621,CA,3,2,1166,Residential,Fri May 16 00:00:00 EDT 2008,30000,38.715322,-121.314787,25.728987993138936
15 LOORZ CT,SACRAMENTO,95823,CA,2,1,838,Residential,Fri May 16 00:00:00 EDT 2008,55422,38.471646,-121.435158,66.13603818615752
5805 DOTMAR WAY,NORTH HIGHLANDS,95660,CA,2,1,904,Residential,Fri May 16 00:00:00 EDT 2008,63000,38.672642,-121.380343,69.69026548672566
2332 CAMBRIDGE ST,SACRAMENTO,95815,CA,2,1,1032,Residential,Fri May 16 00:00:00 EDT 2008,65000,38.608085,-121.449651,62.98449612403101
3812 BELDEN ST,SACRAMENTO,95838,CA,2,1,904,Residential,Fri May 16 00:00:00 EDT 2008,65000,38.636833,-121.44164,71.90265486725664
3348 40TH ST,SACRAMENTO,95817,CA,2,1,1080,Residential,Fri May 16 00:00:00 EDT 2008,65000,38.544162,-121.460652,60.18518518518518
127 QUASAR CIR,SACRAMENTO,95822,CA,2,2,990,Residential,Fri May 16 00:00:00 EDT 2008,66500,38.493504,-121.475304,67.17171717171718
3812 CYPRESS ST,SACRAMENTO,95838,CA,2,1,900,Residential,Fri May 16 00:00:00 EDT 2008,71000,38.636877,-121.444948,78.88888888888889
5821 64TH ST,SACRAMENTO,95824,CA,2,1,861,Residential,Fri May 16 00:00:00 EDT 2008,75000,38.521202,-121.428146,87.10801393728222
8248 CENTER PKWY,SACRAMENTO,95823,CA,2,1,906,Condo,Fri May 16 00:00:00 EDT 2008,77000,38.459002,-121.428794,84.98896247240619
1171 SONOMA AVE,SACRAMENTO,95815,CA,2,1,1011,Residential,Fri May 16 00:00:00 EDT 2008,85000,38.6238,-121.439872,84.0751730959446
4250 ARDWELL WAY,SACRAMENTO,95823,CA,3,2,1089,Residential,Fri May 16 00:00:00 EDT 2008,95625,38.466938,-121.455631,87.8099173553719
3104 CLAY ST,SACRAMENTO,95815,CA,2,1,832,Residential,Fri May 16 00:00:00 EDT 2008,96140,38.62391,-121.439208,115.55288461538461
6063 LAND PARK DR,SACRAMENTO,95822,CA,2,1,800,Condo,Fri May 16 00:00:00 EDT 2008,104250,38.517029,-121.513809,130.3125
4738 OAKHOLLOW DR,SACRAMENTO,95842,CA,4,2,1292,Residential,Fri May 16 00:00:00 EDT 2008,105000,38.679598,-121.356035,81.26934984520123
1401 STERLING ST,SACRAMENTO,95822,CA,2,1,810,Residential,Fri May 16 00:00:00 EDT 2008,108000,38.520319,-121.504727,133.33333333333334
3715 DIDCOT CIR,SACRAMENTO,95838,CA,4,2,1064,Residential,Fri May 16 00:00:00 EDT 2008,109000,38.635232,-121.460098,102.44360902255639
2426 RASHAWN DR,RANCHO CORDOVA,95670,CA,2,1,911,Residential,Fri May 16 00:00:00 EDT 2008,115000,38.610852,-121.273278,126.23490669593853
4800 WESTLAKE PKWY Unit 410,SACRAMENTO,95835,CA,1,1,846,Condo,Fri May 16 00:00:00 EDT 2008,115000,38.658812,-121.542345,135.9338061465721
3409 VIRGO ST,SACRAMENTO,95827,CA,3,2,1320,Residential,Fri May 16 00:00:00 EDT 2008,115500,38.563402,-121.327747,87.5
1110 PINEDALE AVE,SACRAMENTO,95838,CA,3,2,1410,Residential,Fri May 16 00:00:00 EDT 2008,115620,38.660173,-121.440216,82.0
2361 LA LOMA DR,RANCHO CORDOVA,95670,CA,3,2,1115,Residential,Fri May 16 00:00:00 EDT 2008,116000,38.59368,-121.316054,104.03587443946188
1455 64TH AVE,SACRAMENTO,95822,CA,3,2,1169,Residential,Fri May 16 00:00:00 EDT 2008,122000,38.492177,-121.503392,104.36270316509838
7328 SPRINGMAN ST,SACRAMENTO,95822,CA,3,2,1164,Residential,Fri May 16 00:00:00 EDT 2008,122500,38.491991,-121.477636,105.2405498281787
119 SAINT MARIE CIR,SACRAMENTO,95823,CA,4,2,1341,Residential,Fri May 16 00:00:00 EDT 2008,123000,38.481454,-121.446644,91.72259507829978
12 COSTA BRASE CT,SACRAMENTO,95838,CA,3,2,1219,Residential,Fri May 16 00:00:00 EDT 2008,124000,38.655554,-121.464275,101.72272354388843
6813 SCOTER WAY,SACRAMENTO,95842,CA,4,2,1127,Residential,Fri May 16 00:00:00 EDT 2008,124000,38.69043,-121.361035,110.02661934338953
6548 GRAYLOCK LN,NORTH HIGHLANDS,95660,CA,3,2,1272,Residential,Fri May 16 00:00:00 EDT 2008,124413,38.686061,-121.369949,97.80896226415095
1630 GLIDDEN AVE,SACRAMENTO,95822,CA,4,2,1253,Residential,Fri May 16 00:00:00 EDT 2008,125000,38.482717,-121.499683,99.76057462090982
7825 DALEWOODS WAY,SACRAMENTO,95828,CA,3,2,1120,Residential,Fri May 16 00:00:00 EDT 2008,130000,38.477297,-121.411513,116.07142857142857
4073 TRESLER AVE,NORTH HIGHLANDS,95660,CA,2,2,1118,Residential,Fri May 16 00:00:00 EDT 2008,131750,38.659016,-121.370457,117.84436493738819
4288 DYMIC WAY,SACRAMENTO,95838,CA,4,3,1890,Residential,Fri May 16 00:00:00 EDT 2008,137721,38.646541,-121.441139,72.86825396825397
1158 SAN IGNACIO WAY,SACRAMENTO,95833,CA,3,2,1260,Residential,Fri May 16 00:00:00 EDT 2008,137760,38.623045,-121.486279,109.33333333333333
4904 J PKWY,SACRAMENTO,95823,CA,3,2,1400,Residential,Fri May 16 00:00:00 EDT 2008,138000,38.487297,-121.44295,98.57142857142857
2931 HOWE AVE,SACRAMENTO,95821,CA,3,1,1264,Residential,Fri May 16 00:00:00 EDT 2008,140000,38.619012,-121.415329,110.75949367088607
5531 JANSEN DR,SACRAMENTO,95824,CA,3,1,1060,Residential,Fri May 16 00:00:00 EDT 2008,145000,38.522015,-121.438713,136.79245283018867
7836 ORCHARD WOODS CIR,SACRAMENTO,95828,CA,2,2,1132,Residential,Fri May 16 00:00:00 EDT 2008,145000,38.47955,-121.410867,128.09187279151942
4055 DEERBROOK DR,SACRAMENTO,95823,CA,3,2,1466,Residential,Fri May 16 00:00:00 EDT 2008,150000,38.472117,-121.459589,102.31923601637108
9937 BURLINE ST,SACRAMENTO,95827,CA,3,2,1092,Residential,Fri May 16 00:00:00 EDT 2008,150000,38.559641,-121.32316,137.36263736263737
6948 MIRADOR WAY,SACRAMENTO,95828,CA,4,2,1628,Residential,Fri May 16 00:00:00 EDT 2008,151000,38.493484,-121.42035,92.75184275184276
7204 KERSTEN ST,CITRUS HEIGHTS,95621,CA,3,2,1075,Residential,Fri May 16 00:00:00 EDT 2008,155800,38.695863,-121.300814,144.93023255813952
3150 ROSEMONT DR,SACRAMENTO,95826,CA,3,2,1428,Residential,Fri May 16 00:00:00 EDT 2008,156142,38.554927,-121.35521,109.34313725490196
8200 STEINBECK WAY,SACRAMENTO,95828,CA,4,2,1358,Residential,Fri May 16 00:00:00 EDT 2008,158000,38.474854,-121.404726,116.34756995581738
8198 STEVENSON AVE,SACRAMENTO,95828,CA,6,4,2475,Multi-Family,Fri May 16 00:00:00 EDT 2008,159900,38.465271,-121.40426,64.60606060606061
6824 OLIVE TREE WAY,CITRUS HEIGHTS,95610,CA,3,2,1410,Residential,Fri May 16 00:00:00 EDT 2008,160000,38.689239,-121.267737,113.47517730496453
3536 SUN MAIDEN WAY,ANTELOPE,95843,CA,3,2,1711,Residential,Fri May 16 00:00:00 EDT 2008,161500,38.70968,-121.382328,94.38924605493864
4517 OLYMPIAD WAY,SACRAMENTO,95826,CA,4,2,1483,Residential,Fri May 16 00:00:00 EDT 2008,161600,38.536751,-121.359154,108.96830748482805
925 COBDEN CT,GALT,95632,CA,3,2,1140,Residential,Fri May 16 00:00:00 EDT 2008,162000,38.282047,-121.295812,142.10526315789474
8225 SCOTTSDALE DR,SACRAMENTO,95828,CA,4,2,1549,Residential,Fri May 16 00:00:00 EDT 2008,165000,38.487864,-121.402476,106.52033570045191
8758 LEMAS RD,SACRAMENTO,95828,CA,3,2,1410,Residential,Fri May 16 00:00:00 EDT 2008,165000,38.467487,-121.377055,117.02127659574468
6121 ALPINESPRING WAY,ELK GROVE,95758,CA,3,2,1240,Residential,Fri May 16 00:00:00 EDT 2008,167293,38.434075,-121.432623,134.91370967741935
5937 YORK GLEN WAY,SACRAMENTO,95842,CA,5,2,1712,Residential,Fri May 16 00:00:00 EDT 2008,168000,38.677003,-121.354454,98.13084112149532
6417 SUNNYFIELD WAY,SACRAMENTO,95823,CA,4,2,1580,Residential,Fri May 16 00:00:00 EDT 2008,168000,38.449153,-121.428272,106.32911392405063
4008 GREY LIVERY WAY,ANTELOPE,95843,CA,3,2,1669,Residential,Fri May 16 00:00:00 EDT 2008,168750,38.71846,-121.370862,101.10844817255841
8884 AMBERJACK WAY,SACRAMENTO,95828,CA,3,2,2161,Residential,Fri May 16 00:00:00 EDT 2008,170250,38.479343,-121.372553,78.78297084683017
4480 VALLEY HI DR,SACRAMENTO,95823,CA,3,2,1650,Residential,Fri May 16 00:00:00 EDT 2008,173000,38.466781,-121.450955,104.84848484848484
2250 FOREBAY RD,POLLOCK PINES,95726,CA,3,1,1320,Residential,Fri May 16 00:00:00 EDT 2008,175000,38.77491,-120.597599,132.57575757575756
8531 HERMITAGE WAY,SACRAMENTO,95823,CA,4,2,1695,Residential,Fri May 16 00:00:00 EDT 2008,179000,38.448452,-121.428536,105.6047197640118
1005 MORENO WAY,SACRAMENTO,95838,CA,3,2,1410,Residential,Fri May 16 00:00:00 EDT 2008,180000,38.646206,-121.442767,127.65957446808511
24 WINDCHIME CT,SACRAMENTO,95823,CA,3,2,1593,Residential,Fri May 16 00:00:00 EDT 2008,181000,38.44617,-121.427824,113.62209667294412
1207 CRESCENDO DR,ROSEVILLE,95678,CA,3,2,1770,Residential,Fri May 16 00:00:00 EDT 2008,182587,38.72446,-121.292829,103.15649717514124
7577 EDDYLEE WAY,SACRAMENTO,95822,CA,4,2,1436,Residential,Fri May 16 00:00:00 EDT 2008,185074,38.48291,-121.491509,128.8816155988858
1910 BONAVISTA WAY,SACRAMENTO,95832,CA,3,2,1638,Residential,Fri May 16 00:00:00 EDT 2008,187000,38.476048,-121.494961,114.16361416361417
8 TIDE CT,SACRAMENTO,95833,CA,3,2,1328,Residential,Fri May 16 00:00:00 EDT 2008,188335,38.609864,-121.492304,141.81852409638554
10105 MONTE VALLO CT,SACRAMENTO,95827,CA,4,2,1578,Residential,Fri May 16 00:00:00 EDT 2008,190000,38.573917,-121.316916,120.40557667934094
4854 TANGERINE AVE,SACRAMENTO,95823,CA,3,2,1386,Residential,Fri May 16 00:00:00 EDT 2008,191250,38.478239,-121.446326,137.98701298701297
2909 SHAWN WAY,RANCHO CORDOVA,95670,CA,3,2,1452,Residential,Fri May 16 00:00:00 EDT 2008,193000,38.589925,-121.299059,132.92011019283746
4290 BLACKFORD WAY,SACRAMENTO,95823,CA,3,2,1513,Residential,Fri May 16 00:00:00 EDT 2008,193500,38.470494,-121.454162,127.8916060806345
7015 WOODSIDE DR,SACRAMENTO,95842,CA,4,2,1578,Residential,Fri May 16 00:00:00 EDT 2008,195000,38.693071,-121.332365,123.57414448669202
6019 CHESHIRE WAY,CITRUS HEIGHTS,95610,CA,4,3,1736,Residential,Fri May 16 00:00:00 EDT 2008,195000,38.676437,-121.279165,112.32718894009217
2561 VERNA WAY,SACRAMENTO,95821,CA,3,1,1473,Residential,Fri May 16 00:00:00 EDT 2008,195000,38.611055,-121.369964,132.38289205702648
7849 BONNY DOWNS WAY,ELK GROVE,95758,CA,4,2,2306,Residential,Fri May 16 00:00:00 EDT 2008,204918,38.42139,-121.411339,88.86296617519514
8716 LONGSPUR WAY,ANTELOPE,95843,CA,3,2,1479,Residential,Fri May 16 00:00:00 EDT 2008,205000,38.724083,-121.3584,138.60716700473293
2328 DOROTHY JUNE WAY,SACRAMENTO,95838,CA,3,2,1430,Residential,Fri May 16 00:00:00 EDT 2008,205878,38.641727,-121.412703,143.97062937062938
1986 DANVERS WAY,SACRAMENTO,95832,CA,4,2,1800,Residential,Fri May 16 00:00:00 EDT 2008,207000,38.47723,-121.492568,115.0
7901 GAZELLE TRAIL WAY,ANTELOPE,95843,CA,4,2,1953,Residential,Fri May 16 00:00:00 EDT 2008,207744,38.71174,-121.342675,106.37173579109063
8442 KEUSMAN ST,ELK GROVE,95758,CA,4,2,2329,Residential,Fri May 16 00:00:00 EDT 2008,213750,38.449651,-121.414704,91.77758694718763
1528 HESKET WAY,SACRAMENTO,95825,CA,4,2,1566,Residential,Fri May 16 00:00:00 EDT 2008,220000,38.593598,-121.403637,140.485312899106
5532 ENGLE RD,CARMICHAEL,95608,CA,2,2,1637,Residential,Fri May 16 00:00:00 EDT 2008,220702,38.63173,-121.335286,134.82101405009163
1139 CLINTON RD,SACRAMENTO,95825,CA,4,2,1776,Multi-Family,Fri May 16 00:00:00 EDT 2008,221250,38.585291,-121.406824,124.57770270270271
9264 BOULDER RIVER WAY,ELK GROVE,95624,CA,5,2,2254,Residential,Fri May 16 00:00:00 EDT 2008,222750,38.421713,-121.345191,98.82431233362911
137 GUNNISON AVE,SACRAMENTO,95838,CA,4,2,1991,Residential,Fri May 16 00:00:00 EDT 2008,225000,38.650729,-121.466483,113.00853842290306
8209 RIVALLO WAY,SACRAMENTO,95829,CA,4,3,2126,Residential,Fri May 16 00:00:00 EDT 2008,228750,38.459524,-121.3501,107.59642521166509
107 JARVIS CIR,SACRAMENTO,95834,CA,5,3,2258,Residential,Fri May 16 00:00:00 EDT 2008,232500,38.639891,-121.537603,102.96722763507529
8935 MOUNTAIN HOME CT,ELK GROVE,95624,CA,4,2,2111,Residential,Fri May 16 00:00:00 EDT 2008,233500,38.38751,-121.370276,110.61108479393653
2566 SERENATA WAY,SACRAMENTO,95835,CA,3,2,1686,Residential,Fri May 16 00:00:00 EDT 2008,239000,38.671556,-121.520916,141.7556346381969
4085 COUNTRY DR,ANTELOPE,95843,CA,4,3,1915,Residential,Fri May 16 00:00:00 EDT 2008,240000,38.706209,-121.369509,125.32637075718016
9297 TROUT WAY,ELK GROVE,95624,CA,4,2,2367,Residential,Fri May 16 00:00:00 EDT 2008,240000,38.420637,-121.375798,101.39416983523448
7 ARCHIBALD CT,SACRAMENTO,95823,CA,3,2,1962,Residential,Fri May 16 00:00:00 EDT 2008,240971,38.443305,-121.435296,122.8190621814475
8323 REDBANK WAY,SACRAMENTO,95829,CA,3,2,1789,Residential,Fri May 16 00:00:00 EDT 2008,243450,38.455753,-121.349273,136.08160983789827
16 BRONCO CREEK CT,SACRAMENTO,95835,CA,4,2,1876,Residential,Fri May 16 00:00:00 EDT 2008,243500,38.674226,-121.525497,129.79744136460553
4240 WINJE DR,ANTELOPE,95843,CA,4,2,2504,Residential,Fri May 16 00:00:00 EDT 2008,246750,38.70884,-121.359559,98.5423322683706
9247 DELAIR WAY,ELK GROVE,95758,CA,4,3,1899,Residential,Fri May 16 00:00:00 EDT 2008,249000,38.422241,-121.458022,131.1216429699842
3450 WHITNOR CT,SACRAMENTO,95821,CA,3,2,1828,Residential,Fri May 16 00:00:00 EDT 2008,250000,38.627698,-121.369698,136.76148796498907
191 BARNHART CIR,SACRAMENTO,95835,CA,4,2,2605,Residential,Fri May 16 00:00:00 EDT 2008,257200,38.675594,-121.515878,98.73320537428023
5635 LOS PUEBLOS WAY,SACRAMENTO,95835,CA,3,2,1811,Residential,Fri May 16 00:00:00 EDT 2008,263500,38.679191,-121.537622,145.4997239094423
2915 HOLDREGE WAY,SACRAMENTO,95835,CA,5,3,2494,Residential,Fri May 16 00:00:00 EDT 2008,276000,38.663728,-121.525833,110.66559743384121
294 SPARROW DR,GALT,95632,CA,4,3,2214,Residential,Fri May 16 00:00:00 EDT 2008,278000,38.258976,-121.321266,125.56458897922313
2987 DIORITE WAY,SACRAMENTO,95835,CA,5,3,2280,Residential,Fri May 16 00:00:00 EDT 2008,279000,38.667332,-121.528276,122.36842105263158
10133 NEBBIOLO CT,ELK GROVE,95624,CA,4,3,2096,Residential,Fri May 16 00:00:00 EDT 2008,289000,38.391085,-121.347231,137.88167938931298
4636 TEAL BAY CT,ANTELOPE,95843,CA,4,2,2160,Residential,Fri May 16 00:00:00 EDT 2008,290000,38.704554,-121.354753,134.25925925925927
9452 RED SPRUCE WAY,ELK GROVE,95624,CA,6,3,2555,Residential,Fri May 16 00:00:00 EDT 2008,300000,38.404505,-121.346938,117.41682974559687
5908 MCLEAN DR,ELK GROVE,95757,CA,5,3,2592,Residential,Fri May 16 00:00:00 EDT 2008,303000,38.38912,-121.434389,116.89814814814815
63 ANGEL ISLAND CIR,SACRAMENTO,95831,CA,4,2,2169,Residential,Fri May 16 00:00:00 EDT 2008,311518,38.490408,-121.547664,143.62286768095896
1571 WILD OAK LN,LINCOLN,95648,CA,5,3,2457,Residential,Fri May 16 00:00:00 EDT 2008,312000,38.844144,-121.274174,126.98412698412699
652 FIFTEEN MILE DR,ROSEVILLE,95678,CA,4,3,2212,Residential,Fri May 16 00:00:00 EDT 2008,315000,38.775872,-121.298864,142.40506329113924
7921 DOE TRAIL WAY,ANTELOPE,95843,CA,5,3,3134,Residential,Fri May 16 00:00:00 EDT 2008,315000,38.711927,-121.343608,100.51052967453734
3372 BERETANIA WAY,SACRAMENTO,95834,CA,4,3,2962,Residential,Fri May 16 00:00:00 EDT 2008,322000,38.64977,-121.53448,108.7103308575287
10254 JULIANA WAY,SACRAMENTO,95827,CA,4,2,2484,Residential,Fri May 16 00:00:00 EDT 2008,331200,38.56803,-121.309966,133.33333333333334
5102 ARCHCREST WAY,SACRAMENTO,95835,CA,4,2,2372,Residential,Fri May 16 00:00:00 EDT 2008,341000,38.66841,-121.494639,143.76053962900505
5725 BALFOR RD,ROCKLIN,95765,CA,5,3,2606,Residential,Fri May 16 00:00:00 EDT 2008,346375,38.807816,-121.270008,132.91442824251726
4821 HUTSON WAY,ELK GROVE,95757,CA,5,3,2877,Residential,Fri May 16 00:00:00 EDT 2008,349000,38.386239,-121.448159,121.30691692735488
4509 WINJE DR,ANTELOPE,95843,CA,3,2,2960,Residential,Fri May 16 00:00:00 EDT 2008,350000,38.709513,-121.359357,118.24324324324324
9048 PINTO CANYON WAY,ROSEVILLE,95747,CA,4,3,2577,Residential,Fri May 16 00:00:00 EDT 2008,367463,38.792493,-121.331899,142.593325572371
9677 PILLITERI CT,ELK GROVE,95757,CA,5,3,2875,Residential,Fri May 16 00:00:00 EDT 2008,397000,38.405571,-121.445186,138.08695652173913
1113 SANDWICK WAY,FOLSOM,95630,CA,4,3,3261,Residential,Fri May 16 00:00:00 EDT 2008,446000,38.673882,-121.105077,136.7678626188286
14151 INDIO DR,SLOUGHHOUSE,95683,CA,3,4,5822,Residential,Fri May 16 00:00:00 EDT 2008,2000,38.490447,-121.129337,0.3435245620061834
7401 TOULON LN,SACRAMENTO,95828,CA,4,2,1512,Residential,Thu May 15 00:00:00 EDT 2008,56950,38.488628,-121.387759,37.66534391534392
9127 NEWHALL DR Unit 34,SACRAMENTO,95826,CA,1,1,611,Condo,Thu May 15 00:00:00 EDT 2008,60000,38.542419,-121.359904,98.19967266775778
5937 BAMFORD DR,SACRAMENTO,95823,CA,2,1,876,Residential,Thu May 15 00:00:00 EDT 2008,61000,38.471139,-121.432255,69.63470319634703
5672 HILLSDALE BLVD,SACRAMENTO,95842,CA,2,1,933,Condo,Thu May 15 00:00:00 EDT 2008,62000,38.670467,-121.359799,66.45230439442658
3920 39TH ST,SACRAMENTO,95820,CA,2,1,864,Residential,Thu May 15 00:00:00 EDT 2008,68566,38.539213,-121.46393,79.35879629629629
701 JESSIE AVE,SACRAMENTO,95838,CA,2,1,1011,Residential,Thu May 15 00:00:00 EDT 2008,70000,38.643978,-121.449562,69.23837784371909
83 ARCADE BLVD,SACRAMENTO,95815,CA,4,2,1158,Residential,Thu May 15 00:00:00 EDT 2008,80000,38.618716,-121.466327,69.08462867012089
601 REGGINALD WAY,SACRAMENTO,95838,CA,3,2,1092,Residential,Thu May 15 00:00:00 EDT 2008,85500,38.64472,-121.452228,78.2967032967033
550 DEL VERDE CIR,SACRAMENTO,95833,CA,2,1,956,Condo,Thu May 15 00:00:00 EDT 2008,92000,38.627147,-121.500799,96.23430962343096
4113 DAYSTAR CT,SACRAMENTO,95824,CA,2,2,1139,Residential,Thu May 15 00:00:00 EDT 2008,93600,38.520469,-121.458606,82.17734855136084
7374 TISDALE WAY,SACRAMENTO,95822,CA,3,1,1058,Residential,Thu May 15 00:00:00 EDT 2008,95000,38.488238,-121.472561,89.79206049149339
3348 RIO LINDA BLVD,SACRAMENTO,95838,CA,3,2,1040,Residential,Thu May 15 00:00:00 EDT 2008,97750,38.628842,-121.446127,93.99038461538461
3935 LIMESTONE WAY,SACRAMENTO,95823,CA,3,2,1354,Residential,Thu May 15 00:00:00 EDT 2008,104000,38.484374,-121.463157,76.80945347119645
6208 GRATTAN WAY,NORTH HIGHLANDS,95660,CA,3,1,1051,Residential,Thu May 15 00:00:00 EDT 2008,105000,38.679279,-121.376615,99.90485252140819
4225 46TH AVE,SACRAMENTO,95824,CA,3,1,1161,Residential,Thu May 15 00:00:00 EDT 2008,109000,38.511893,-121.457676,93.88458225667527
1434 BELL AVE,SACRAMENTO,95838,CA,3,1,1004,Residential,Thu May 15 00:00:00 EDT 2008,110000,38.647398,-121.432914,109.56175298804781
5628 GEORGIA DR,NORTH HIGHLANDS,95660,CA,3,1,1229,Residential,Thu May 15 00:00:00 EDT 2008,110000,38.669587,-121.379879,89.50366151342556
7629 BETH ST,SACRAMENTO,95832,CA,3,2,1249,Residential,Thu May 15 00:00:00 EDT 2008,112500,38.480126,-121.487869,90.07205764611689
2277 BABETTE WAY,SACRAMENTO,95832,CA,3,2,1161,Residential,Thu May 15 00:00:00 EDT 2008,114800,38.479593,-121.48434,98.88027562446167
6561 WEATHERFORD WAY,SACRAMENTO,95823,CA,3,1,1010,Residential,Thu May 15 00:00:00 EDT 2008,116000,38.465551,-121.42661,114.85148514851485
5136 CABOT CIR,SACRAMENTO,95820,CA,4,2,1462,Residential,Thu May 15 00:00:00 EDT 2008,121500,38.528479,-121.411806,83.10533515731875
7730 ROBINETTE RD,SACRAMENTO,95828,CA,3,2,1269,Residential,Thu May 15 00:00:00 EDT 2008,122000,38.47709,-121.410569,96.13869188337273
87 LACAM CIR,SACRAMENTO,95820,CA,2,2,1188,Residential,Thu May 15 00:00:00 EDT 2008,123675,38.532359,-121.41167,104.10353535353535
1691 NOGALES ST,SACRAMENTO,95838,CA,4,2,1570,Residential,Thu May 15 00:00:00 EDT 2008,126854,38.631925,-121.427775,80.79872611464968
3118 42ND ST,SACRAMENTO,95817,CA,3,2,1093,Residential,Thu May 15 00:00:00 EDT 2008,127059,38.546091,-121.457745,116.24794144556267
7517 50TH AVE,SACRAMENTO,95828,CA,3,1,962,Residential,Thu May 15 00:00:00 EDT 2008,128687,38.507339,-121.416267,133.77027027027026
4071 EVALITA WAY,SACRAMENTO,95823,CA,3,2,1089,Residential,Thu May 15 00:00:00 EDT 2008,129500,38.466388,-121.458861,118.91643709825529
7928 36TH AVE,SACRAMENTO,95824,CA,3,2,1127,Residential,Thu May 15 00:00:00 EDT 2008,130000,38.52049,-121.411383,115.35048802129548
6631 DEMARET DR,SACRAMENTO,95822,CA,4,2,1309,Residential,Thu May 15 00:00:00 EDT 2008,131750,38.506382,-121.483574,100.64935064935065
7043 9TH AVE,RIO LINDA,95673,CA,2,1,970,Residential,Thu May 15 00:00:00 EDT 2008,132000,38.695589,-121.444133,136.08247422680412
97 KENNELFORD CIR,SACRAMENTO,95823,CA,3,2,1144,Residential,Thu May 15 00:00:00 EDT 2008,134000,38.462376,-121.426556,117.13286713286713
2636 TRONERO WAY,RANCHO CORDOVA,95670,CA,3,1,1000,Residential,Thu May 15 00:00:00 EDT 2008,134000,38.593049,-121.30304,134.0
3604 KODIAK WAY,ANTELOPE,95843,CA,3,2,1206,Residential,Thu May 15 00:00:00 EDT 2008,142000,38.706175,-121.379776,117.74461028192371
2149 COTTAGE WAY,SACRAMENTO,95825,CA,3,1,1285,Residential,Thu May 15 00:00:00 EDT 2008,143012,38.603593,-121.417011,111.29338521400778
8632 PRAIRIEWOODS DR,SACRAMENTO,95828,CA,3,2,1543,Residential,Thu May 15 00:00:00 EDT 2008,145846,38.477563,-121.384382,94.52106286454958
8025 ARROYO VISTA DR,SACRAMENTO,95823,CA,4,2,1392,Residential,Thu May 15 00:00:00 EDT 2008,150000,38.46654,-121.419029,107.75862068965517
8 LA ROCAS CT,SACRAMENTO,95823,CA,3,2,1217,Residential,Thu May 15 00:00:00 EDT 2008,151087,38.46616,-121.448283,124.14708299096138
8636 LONGSPUR WAY,ANTELOPE,95843,CA,3,2,1670,Residential,Thu May 15 00:00:00 EDT 2008,157296,38.725873,-121.35856,94.18922155688622
1941 EXPEDITION WAY,SACRAMENTO,95832,CA,3,2,1302,Residential,Thu May 15 00:00:00 EDT 2008,157500,38.473775,-121.493777,120.96774193548387
4351 TURNBRIDGE DR,SACRAMENTO,95823,CA,3,2,1488,Residential,Thu May 15 00:00:00 EDT 2008,160000,38.502034,-121.456027,107.52688172043011
6513 HOLIDAY WAY,NORTH HIGHLANDS,95660,CA,3,2,1373,Residential,Thu May 15 00:00:00 EDT 2008,160000,38.685361,-121.376938,116.53313911143482
8321 MISTLETOE WAY,CITRUS HEIGHTS,95621,CA,4,2,1381,Residential,Thu May 15 00:00:00 EDT 2008,161250,38.717738,-121.308322,116.7632150615496
5920 VALLEY GLEN WAY,SACRAMENTO,95823,CA,3,2,1265,Residential,Thu May 15 00:00:00 EDT 2008,164000,38.462821,-121.433135,129.64426877470356
8008 SAINT HELENA CT,SACRAMENTO,95829,CA,4,2,1608,Residential,Thu May 15 00:00:00 EDT 2008,165750,38.467012,-121.359969,103.07835820895522
6517 DONEGAL DR,CITRUS HEIGHTS,95621,CA,3,1,1344,Residential,Thu May 15 00:00:00 EDT 2008,166000,38.681554,-121.312934,123.51190476190476
1001 RIO NORTE WAY,SACRAMENTO,95834,CA,3,2,1202,Residential,Thu May 15 00:00:00 EDT 2008,169000,38.634292,-121.485106,140.59900166389352
7351 GIGI PL,SACRAMENTO,95828,CA,4,2,1859,Multi-Family,Thu May 15 00:00:00 EDT 2008,170000,38.490606,-121.410173,91.4470145239376
7740 DIXIE LOU ST,SACRAMENTO,95832,CA,3,2,1232,Residential,Thu May 15 00:00:00 EDT 2008,170000,38.475853,-121.477039,137.98701298701297
7342 DAVE ST,SACRAMENTO,95828,CA,3,1,1638,Residential,Thu May 15 00:00:00 EDT 2008,170725,38.490822,-121.401643,104.22771672771673
26 KAMSON CT,SACRAMENTO,95833,CA,3,2,1582,Residential,Thu May 15 00:00:00 EDT 2008,172000,38.622794,-121.499173,108.72313527180783
8916 GABLES MILL PL,ELK GROVE,95758,CA,3,2,1340,Residential,Thu May 15 00:00:00 EDT 2008,174000,38.433919,-121.422347,129.8507462686567
1140 EDMONTON DR,SACRAMENTO,95833,CA,3,2,1204,Residential,Thu May 15 00:00:00 EDT 2008,174250,38.62457,-121.486913,144.72591362126246
8879 APPLE PEAR CT,ELK GROVE,95624,CA,4,2,1477,Residential,Thu May 15 00:00:00 EDT 2008,176850,38.44574,-121.3725,119.73595125253892
9 WIND CT,SACRAMENTO,95823,CA,4,2,1497,Residential,Thu May 15 00:00:00 EDT 2008,179500,38.45073,-121.427528,119.90647962591851
1080 RIO NORTE WAY,SACRAMENTO,95834,CA,3,2,1428,Residential,Thu May 15 00:00:00 EDT 2008,188700,38.634335,-121.486098,132.14285714285714
5624 MEMORY LN,FAIR OAKS,95628,CA,3,1,1529,Residential,Thu May 15 00:00:00 EDT 2008,189000,38.66745,-121.2364,123.61020274689339
6622 WILLOWLEAF DR,CITRUS HEIGHTS,95621,CA,4,3,1892,Residential,Thu May 15 00:00:00 EDT 2008,189836,38.699714,-121.311635,100.33615221987316
27 MEGAN CT,SACRAMENTO,95838,CA,4,2,1887,Residential,Thu May 15 00:00:00 EDT 2008,190000,38.649258,-121.465308,100.68892421833598
1973 DANVERS WAY,SACRAMENTO,95832,CA,3,2,1638,Residential,Thu May 15 00:00:00 EDT 2008,191675,38.477568,-121.492574,117.01770451770452
8001 ARROYO VISTA DR,SACRAMENTO,95823,CA,3,2,1677,Residential,Thu May 15 00:00:00 EDT 2008,195500,38.46734,-121.419843,116.57722122838402
8424 MERRY HILL WAY,ELK GROVE,95624,CA,3,2,1416,Residential,Thu May 15 00:00:00 EDT 2008,200000,38.452075,-121.366461,141.24293785310735
8789 SEQUOIA WOOD CT,ELK GROVE,95624,CA,4,2,1609,Residential,Thu May 15 00:00:00 EDT 2008,204750,38.438818,-121.37443,127.25295214418894
6600 SILVERTHORNE CIR,SACRAMENTO,95842,CA,4,3,1968,Residential,Thu May 15 00:00:00 EDT 2008,205000,38.68607,-121.342369,104.16666666666667
8652 BANTON CIR,ELK GROVE,95624,CA,4,2,1740,Residential,Thu May 15 00:00:00 EDT 2008,211500,38.444,-121.370993,121.55172413793103
8428 MISTY PASS WAY,ANTELOPE,95843,CA,3,2,1517,Residential,Thu May 15 00:00:00 EDT 2008,212000,38.722959,-121.347115,139.74950560316415
8445 OLD AUBURN RD,CITRUS HEIGHTS,95610,CA,3,2,1882,Residential,Thu May 15 00:00:00 EDT 2008,219000,38.715423,-121.246743,116.36556854410202
1178 WARMWOOD CT,GALT,95632,CA,4,2,1770,Residential,Thu May 15 00:00:00 EDT 2008,220000,38.289544,-121.284607,124.29378531073446
4900 ELUDE CT,SACRAMENTO,95842,CA,4,2,1627,Residential,Thu May 15 00:00:00 EDT 2008,223000,38.69674,-121.350519,137.0620774431469
5601 REXLEIGH DR,SACRAMENTO,95823,CA,4,2,1715,Residential,Thu May 15 00:00:00 EDT 2008,230000,38.445342,-121.441504,134.11078717201167
9169 GARLINGTON CT,SACRAMENTO,95829,CA,4,3,2280,Residential,Thu May 15 00:00:00 EDT 2008,232425,38.457679,-121.35962,101.9407894736842
8304 RED FOX WAY,ELK GROVE,95758,CA,4,2,1685,Residential,Thu May 15 00:00:00 EDT 2008,235301,38.417,-121.397424,139.6445103857567
